{"count":1,"self":63.600063999999996,"total":12862.046096999999,"children":{"InitializeActuators":{"count":52,"self":0.00099969999999999985,"total":0.00099969999999999985,"children":null},"InitializeSensors":{"count":52,"self":0.00099399999999999987,"total":0.00099399999999999987,"children":null},"AgentSendState":{"count":412851,"self":7.3946983999999993,"total":36.6119939,"children":{"CollectObservations":{"count":4293692,"self":5.1428248,"total":5.1428246,"children":null},"WriteActionMask":{"count":4293692,"self":1.9002708,"total":1.9002709,"children":null},"RequestDecision":{"count":4293692,"self":5.3067319999999993,"total":22.174199899999998,"children":{"AgentInfo.ToProto":{"count":4293692,"self":5.6037688,"total":16.8674678,"children":{"GenerateSensorData":{"count":4293692,"self":11.2636992,"total":11.263698999999999,"children":null}}}}}}},"DecideAction":{"count":412851,"self":12760.0541696,"total":12760.054100199999,"children":null},"AgentAct":{"count":412851,"self":1.4840569,"total":1.4840569,"children":null},"AgentInfo.ToProto":{"count":38212,"self":0.11541159999999999,"total":0.2918882,"children":{"GenerateSensorData":{"count":38212,"self":0.17647659999999998,"total":0.17647659999999998,"children":null}}}},"gauges":{"PaddleBehaviour.CumulativeReward":{"count":38212,"max":0.358333051,"min":-19.4616737,"runningAverage":-0.6130284,"value":0.06333331,"weightedAverage":0.061960876}},"metadata":{"timer_format_version":"0.1.0","start_time_seconds":"1660276552","unity_version":"2021.3.8f1","command_line_arguments":"D:\\Projects\\GPong\\TrainingBuild\/GravityPong.exe -nographics -batchmode --mlagents-port 5008 -logFile D:\\Projects\\GPong\\results\\gpong_9_0_4\\run_logs\\Player-3.log","communication_protocol_version":"1.5.0","com.unity.ml-agents_version":"2.0.1","scene_name":"AITrainingSIngle","end_time_seconds":"1660289414"}}